<Environment>
  <camtrans>0.930986 -1.233453 2.412977</camtrans>
  <camrotationaxis>-0.946522 -0.231893 0.224324 122.297980</camrotationaxis>
  <Robot file="quadrotor.robot.xml" name="Quadrotor">
    <translation>0.0 0.0 0.0</translation>
  </Robot>

  <KinBody name="floorwalls">
    <Body type="static">
      <Translation>0 0 0</Translation>
      <Geom type="box">
        <extents>18 18 0.5</extents>
        <translation>0 0 -0.5</translation>
        <diffuseColor>.6 .6 .6</diffuseColor>
      	<ambientColor>0.6 0.6 0.6</ambientColor>
      </Geom>
      <Geom type="box">
        <extents>18 18 0.5</extents>
        <translation>0 0 5</translation>
        <transparency>1</transparency>
      </Geom>
      <Geom type="box">
        <extents>18 0.01 2.5</extents>
        <translation>0 18 2.5</translation>
        <diffuseColor>.6 .6 .6</diffuseColor>
      	<ambientColor>0.6 0.6 0.6</ambientColor>
        <transparency>1</transparency>
      </Geom>
      <Geom type="box">
        <extents>0.01 18 2.5</extents>
        <translation>18 0 2.5</translation>
        <diffuseColor>.6 .6 .6</diffuseColor>
      	<ambientColor>0.6 0.6 0.6</ambientColor>
        <transparency>1</transparency>
      </Geom>
      <Geom type="box">
        <extents>0.01 18 2.5</extents>
        <translation>-18 0 2.5</translation>
        <diffuseColor>.6 .6 .6</diffuseColor>
      	<ambientColor>0.6 0.6 0.6</ambientColor>
        <transparency>1</transparency>
      </Geom>
      <Geom type="box">
        <extents>18 0.01 2.5</extents>
        <translation>0 -18 2.5</translation>
        <diffuseColor>.6 .6 .6</diffuseColor>
      	<ambientColor>0.6 0.6 0.6</ambientColor>
        <transparency>1</transparency>
      </Geom>
    </Body>
  </KinBody>
  <KinBody name="pole">
    <translation>-0.312 0.416 1</translation>
    <Body type="static">
      <Geom type="box">
        <extents>0.25 0.25 1</extents>
        <diffuseColor>1 .2 .2</diffuseColor>
      </Geom>
    </Body>
  </KinBody>
  <KinBody name="pole2">
    <translation>10.3 2.6 1</translation>
    <Body type="static">
      <Geom type="box">
        <extents>0.25 0.25 1</extents>
        <diffuseColor>1 .2 .2</diffuseColor>
      </Geom>
    </Body>
  </KinBody>
  <KinBody name="pole68">
    <translation>10.3 -2.6 1</translation>
    <Body type="static">
      <Geom type="box">
        <extents>0.25 0.25 1</extents>
        <diffuseColor>1 .2 .2</diffuseColor>
      </Geom>
    </Body>
  </KinBody>
  <KinBody name="pole69">
    <translation>-10.3 2.6 1</translation>
    <Body type="static">
      <Geom type="box">
        <extents>0.25 0.25 1</extents>
        <diffuseColor>1 .2 .2</diffuseColor>
      </Geom>
    </Body>
  </KinBody>
  <KinBody name="pole70">
    <translation>-10.3 -2.6 1</translation>
    <Body type="static">
      <Geom type="box">
        <extents>0.25 0.25 1</extents>
        <diffuseColor>1 .2 .2</diffuseColor>
      </Geom>
    </Body>
  </KinBody>
  <KinBody name="pole3">
    <translation>8 -9 1</translation>
    <Body type="static">
      <Geom type="box">
        <extents>0.25 0.25 1</extents>
        <diffuseColor>1 .2 .2</diffuseColor>
      </Geom>
    </Body>
  </KinBody>
  <KinBody name="pole61">
    <translation>8 9 1</translation>
    <Body type="static">
      <Geom type="box">
        <extents>0.25 0.25 1</extents>
        <diffuseColor>1 .2 .2</diffuseColor>
      </Geom>
    </Body>
  </KinBody>
  <KinBody name="pole62">
    <translation>-8 -9 1</translation>
    <Body type="static">
      <Geom type="box">
        <extents>0.25 0.25 1</extents>
        <diffuseColor>1 .2 .2</diffuseColor>
      </Geom>
    </Body>
  </KinBody>
  <KinBody name="pole63">
    <translation>8 9 1</translation>
    <Body type="static">
      <Geom type="box">
        <extents>1 4 1</extents>
        <diffuseColor>1 .2 .2</diffuseColor>
      </Geom>
    </Body>
  </KinBody>
  <KinBody name="pole64">
    <translation>-8 -9 1</translation>
    <Body type="static">
      <Geom type="box">
        <extents>4 1 1</extents>
        <diffuseColor>1 .2 .2</diffuseColor>
      </Geom>
    </Body>
  </KinBody>
  <KinBody name="pole65">
    <translation>-8 9 1</translation>
    <Body type="static">
      <Geom type="box">
        <extents>0.25 0.25 1</extents>
        <diffuseColor>1 .2 .2</diffuseColor>
      </Geom>
    </Body>
  </KinBody>
  <KinBody name="pole66">
    <translation>8 -9 1</translation>
    <Body type="static">
      <Geom type="box">
        <extents>0.25 0.25 1</extents>
        <diffuseColor>1 .2 .2</diffuseColor>
      </Geom>
    </Body>
  </KinBody>
  <KinBody name="pole67">
    <translation>-8 9 1</translation>
    <Body type="static">
      <Geom type="box">
        <extents>0.25 0.25 1</extents>
        <diffuseColor>1 .2 .2</diffuseColor>
      </Geom>
    </Body>
  </KinBody>
  <KinBody name="pole4">
    <translation>-14 14 1</translation>
    <Body type="static">
      <Geom type="box">
        <extents>0.25 0.25 1</extents>
        <diffuseColor>1 .2 .2</diffuseColor>
      </Geom>
    </Body>
  </KinBody>
  <KinBody name="pole5">
    <translation>-12 14 1</translation>
    <Body type="static">
      <Geom type="box">
        <extents>0.25 0.25 1</extents>
        <diffuseColor>1 .2 .2</diffuseColor>
      </Geom>
    </Body>
  </KinBody>
  <KinBody name="pole6">
    <translation>-10 14 1</translation>
    <Body type="static">
      <Geom type="box">
        <extents>0.25 0.25 1</extents>
        <diffuseColor>1 .2 .2</diffuseColor>
      </Geom>
    </Body>
  </KinBody>
  <KinBody name="pole7">
    <translation>-8 14 1</translation>
    <Body type="static">
      <Geom type="box">
        <extents>0.25 0.25 1</extents>
        <diffuseColor>1 .2 .2</diffuseColor>
      </Geom>
    </Body>
  </KinBody>
  <KinBody name="pole8">
    <translation>-6 14 1</translation>
    <Body type="static">
      <Geom type="box">
        <extents>0.25 0.25 1</extents>
        <diffuseColor>1 .2 .2</diffuseColor>
      </Geom>
    </Body>
  </KinBody>
  <KinBody name="pole9">
    <translation>-4 14 1</translation>
    <Body type="static">
      <Geom type="box">
        <extents>0.25 0.25 1</extents>
        <diffuseColor>1 .2 .2</diffuseColor>
      </Geom>
    </Body>
  </KinBody>
  <KinBody name="pole10">
    <translation>-2 14 1</translation>
    <Body type="static">
      <Geom type="box">
        <extents>0.25 0.25 1</extents>
        <diffuseColor>1 .2 .2</diffuseColor>
      </Geom>
    </Body>
  </KinBody>
  <KinBody name="pole11">
    <translation>0 14 1.5</translation>
    <Body type="static">
      <Geom type="box">
        <extents>0.25 0.25 1.5</extents>
        <diffuseColor>1 .2 .2</diffuseColor>
      </Geom>
    </Body>
  </KinBody>
  <KinBody name="pole12">
    <translation>2 14 1</translation>
    <Body type="static">
      <Geom type="box">
        <extents>0.25 0.25 1</extents>
        <diffuseColor>1 .2 .2</diffuseColor>
      </Geom>
    </Body>
  </KinBody>
  <KinBody name="pole13">
    <translation>4 14 2.5</translation>
    <Body type="static">
      <Geom type="box">
        <extents>0.25 0.25 2.5</extents>
        <diffuseColor>1 .2 .2</diffuseColor>
      </Geom>
    </Body>
  </KinBody>
  <KinBody name="pole14">
    <translation>6 14 1</translation>
    <Body type="static">
      <Geom type="box">
        <extents>0.25 0.25 1</extents>
        <diffuseColor>1 .2 .2</diffuseColor>
      </Geom>
    </Body>
  </KinBody>
  <KinBody name="pole15">
    <translation>8 14 1</translation>
    <Body type="static">
      <Geom type="box">
        <extents>0.25 0.25 1</extents>
        <diffuseColor>1 .2 .2</diffuseColor>
      </Geom>
    </Body>
  </KinBody>
  <KinBody name="pole16">
    <translation>10 14 1</translation>
    <Body type="static">
      <Geom type="box">
        <extents>0.25 0.25 1</extents>
        <diffuseColor>1 .2 .2</diffuseColor>
      </Geom>
    </Body>
  </KinBody>
  <KinBody name="pole17">
    <translation>12 14 1</translation>
    <Body type="static">
      <Geom type="box">
        <extents>0.25 0.25 1</extents>
        <diffuseColor>1 .2 .2</diffuseColor>
      </Geom>
    </Body>
  </KinBody>
  <KinBody name="pole18">
    <translation>14 14 1</translation>
    <Body type="static">
      <Geom type="box">
        <extents>0.25 0.25 1</extents>
        <diffuseColor>1 .2 .2</diffuseColor>
      </Geom>
    </Body>
  </KinBody>

  <KinBody name="pole19">
    <translation>-14 -14 1</translation>
    <Body type="static">
      <Geom type="box">
        <extents>0.25 0.25 1</extents>
        <diffuseColor>1 .2 .2</diffuseColor>
      </Geom>
    </Body>
  </KinBody>
  <KinBody name="pole20">
    <translation>-12 -14 1</translation>
    <Body type="static">
      <Geom type="box">
        <extents>0.25 0.25 1</extents>
        <diffuseColor>1 .2 .2</diffuseColor>
      </Geom>
    </Body>
  </KinBody>
  <KinBody name="pole21">
    <translation>-10 -14 1</translation>
    <Body type="static">
      <Geom type="box">
        <extents>0.25 0.25 1</extents>
        <diffuseColor>1 .2 .2</diffuseColor>
      </Geom>
    </Body>
  </KinBody>
  <KinBody name="pole22">
    <translation>-8 -14 1</translation>
    <Body type="static">
      <Geom type="box">
        <extents>0.25 0.25 1</extents>
        <diffuseColor>1 .2 .2</diffuseColor>
      </Geom>
    </Body>
  </KinBody>
  <KinBody name="pole23">
    <translation>-6 -14 1</translation>
    <Body type="static">
      <Geom type="box">
        <extents>0.25 0.25 1</extents>
        <diffuseColor>1 .2 .2</diffuseColor>
      </Geom>
    </Body>
  </KinBody>
  <KinBody name="pole24">
    <translation>-4 -14 1.5</translation>
    <Body type="static">
      <Geom type="box">
        <extents>0.25 0.25 1.5</extents>
        <diffuseColor>1 .2 .2</diffuseColor>
      </Geom>
    </Body>
  </KinBody>
  <KinBody name="pole25">
    <translation>-2 -14 1</translation>
    <Body type="static">
      <Geom type="box">
        <extents>0.25 0.25 1</extents>
        <diffuseColor>1 .2 .2</diffuseColor>
      </Geom>
    </Body>
  </KinBody>
  <KinBody name="pole26">
    <translation>0 -14 1</translation>
    <Body type="static">
      <Geom type="box">
        <extents>0.25 0.25 1</extents>
        <diffuseColor>1 .2 .2</diffuseColor>
      </Geom>
    </Body>
  </KinBody>
  <KinBody name="pole27">
    <translation>2 -14 1</translation>
    <Body type="static">
      <Geom type="box">
        <extents>0.25 0.25 1</extents>
        <diffuseColor>1 .2 .2</diffuseColor>
      </Geom>
    </Body>
  </KinBody>
  <KinBody name="pole28">
    <translation>4 -14 1</translation>
    <Body type="static">
      <Geom type="box">
        <extents>0.25 0.25 1</extents>
        <diffuseColor>1 .2 .2</diffuseColor>
      </Geom>
    </Body>
  </KinBody>
  <KinBody name="pole29">
    <translation>6 -14 1</translation>
    <Body type="static">
      <Geom type="box">
        <extents>0.25 0.25 1</extents>
        <diffuseColor>1 .2 .2</diffuseColor>
      </Geom>
    </Body>
  </KinBody>
  <KinBody name="pole30">
    <translation>8 -14 1</translation>
    <Body type="static">
      <Geom type="box">
        <extents>0.25 0.25 1</extents>
        <diffuseColor>1 .2 .2</diffuseColor>
      </Geom>
    </Body>
  </KinBody>
  <KinBody name="pole31">
    <translation>10 -14 2</translation>
    <Body type="static">
      <Geom type="box">
        <extents>0.25 0.25 2</extents>
        <diffuseColor>1 .2 .2</diffuseColor>
      </Geom>
    </Body>
  </KinBody>
  <KinBody name="pole32">
    <translation>12 -14 1</translation>
    <Body type="static">
      <Geom type="box">
        <extents>0.25 0.25 1</extents>
        <diffuseColor>1 .2 .2</diffuseColor>
      </Geom>
    </Body>
  </KinBody>
  <KinBody name="pole33">
    <translation>14 -14 1</translation>
    <Body type="static">
      <Geom type="box">
        <extents>0.25 0.25 1</extents>
        <diffuseColor>1 .2 .2</diffuseColor>
      </Geom>
    </Body>
  </KinBody>
  <KinBody name="pole34">
    <translation>-14 -12 1</translation>
    <Body type="static">
      <Geom type="box">
        <extents>0.25 0.25 1</extents>
        <diffuseColor>1 .2 .2</diffuseColor>
      </Geom>
    </Body>
  </KinBody>
  <KinBody name="pole35">
    <translation>-12 -10 1</translation>
    <Body type="static">
      <Geom type="box">
        <extents>0.25 0.25 1</extents>
        <diffuseColor>1 .2 .2</diffuseColor>
      </Geom>
    </Body>
  </KinBody>
  <KinBody name="pole36">
    <translation>-10 -8 1</translation>
    <Body type="static">
      <Geom type="box">
        <extents>0.25 0.25 1</extents>
        <diffuseColor>1 .2 .2</diffuseColor>
      </Geom>
    </Body>
  </KinBody>
  <KinBody name="pole37">
    <translation>-8 -6 1</translation>
    <Body type="static">
      <Geom type="box">
        <extents>0.25 0.25 1</extents>
        <diffuseColor>1 .2 .2</diffuseColor>
      </Geom>
    </Body>
  </KinBody>
  <KinBody name="pole38">
    <translation>-6 -4 1</translation>
    <Body type="static">
      <Geom type="box">
        <extents>0.25 0.25 1</extents>
        <diffuseColor>1 .2 .2</diffuseColor>
      </Geom>
    </Body>
  </KinBody>
  <KinBody name="pole39">
    <translation>-4 -2 1</translation>
    <Body type="static">
      <Geom type="box">
        <extents>0.25 0.25 1</extents>
        <diffuseColor>1 .2 .2</diffuseColor>
      </Geom>
    </Body>
  </KinBody>
  <KinBody name="pole40">
    <translation>-2 0 1</translation>
    <Body type="static">
      <Geom type="box">
        <extents>0.25 0.25 1</extents>
        <diffuseColor>1 .2 .2</diffuseColor>
      </Geom>
    </Body>
  </KinBody>
  <KinBody name="pole41">
    <translation>0 2 2</translation>
    <Body type="static">
      <Geom type="box">
        <extents>0.25 0.25 2</extents>
        <diffuseColor>1 .2 .2</diffuseColor>
      </Geom>
    </Body>
  </KinBody>
  <KinBody name="pole42">
    <translation>2 4 1</translation>
    <Body type="static">
      <Geom type="box">
        <extents>0.25 0.25 1</extents>
        <diffuseColor>1 .2 .2</diffuseColor>
      </Geom>
    </Body>
  </KinBody>
  <KinBody name="pole43">
    <translation>4 6 1</translation>
    <Body type="static">
      <Geom type="box">
        <extents>0.25 0.25 1</extents>
        <diffuseColor>1 .2 .2</diffuseColor>
      </Geom>
    </Body>
  </KinBody>
  <KinBody name="pole44">
    <translation>6 8 0.75</translation>
    <Body type="static">
      <Geom type="box">
        <extents>0.25 0.25 0.75</extents>
        <diffuseColor>1 .2 .2</diffuseColor>
      </Geom>
    </Body>
  </KinBody>
  <KinBody name="pole45">
    <translation>8 10 1</translation>
    <Body type="static">
      <Geom type="box">
        <extents>0.25 0.25 1</extents>
        <diffuseColor>1 .2 .2</diffuseColor>
      </Geom>
    </Body>
  </KinBody>
  <KinBody name="pole46">
    <translation>10 12 1</translation>
    <Body type="static">
      <Geom type="box">
        <extents>0.25 0.25 1</extents>
        <diffuseColor>1 .2 .2</diffuseColor>
      </Geom>
    </Body>
  </KinBody>
  <KinBody name="pole47">
    <translation>12 14 1</translation>
    <Body type="static">
      <Geom type="box">
        <extents>0.25 0.25 1</extents>
        <diffuseColor>1 .2 .2</diffuseColor>
      </Geom>
    </Body>
  </KinBody>
  <KinBody name="pole48">
    <translation>12 -12 1</translation>
    <Body type="static">
      <Geom type="box">
        <extents>0.25 0.25 1</extents>
        <diffuseColor>1 .2 .2</diffuseColor>
      </Geom>
    </Body>
  </KinBody>
  <KinBody name="pole49">
    <translation>10 -10 1</translation>
    <Body type="static">
      <Geom type="box">
        <extents>0.25 0.25 1</extents>
        <diffuseColor>1 .2 .2</diffuseColor>
      </Geom>
    </Body>
  </KinBody>
  <KinBody name="pole50">
    <translation>8 -8 1</translation>
    <Body type="static">
      <Geom type="box">
        <extents>0.25 0.25 1</extents>
        <diffuseColor>1 .2 .2</diffuseColor>
      </Geom>
    </Body>
  </KinBody>
  <KinBody name="pole51">
    <translation>6 -6 1</translation>
    <Body type="static">
      <Geom type="box">
        <extents>0.25 0.25 1</extents>
        <diffuseColor>1 .2 .2</diffuseColor>
      </Geom>
    </Body>
  </KinBody>
  <KinBody name="pole52">
    <translation>4 -4 1</translation>
    <Body type="static">
      <Geom type="box">
        <extents>0.25 0.25 1</extents>
        <diffuseColor>1 .2 .2</diffuseColor>
      </Geom>
    </Body>
  </KinBody>
  <KinBody name="pole53">
    <translation>2 -2 1.1</translation>
    <Body type="static">
      <Geom type="box">
        <extents>0.25 0.25 1.1</extents>
        <diffuseColor>1 .2 .2</diffuseColor>
      </Geom>
    </Body>
  </KinBody>
  <KinBody name="pole54">
    <translation>0 0 1</translation>
    <Body type="static">
      <Geom type="box">
        <extents>0.25 0.25 1</extents>
        <diffuseColor>1 .2 .2</diffuseColor>
      </Geom>
    </Body>
  </KinBody>
  <KinBody name="pole55">
    <translation>-2 2 1</translation>
    <Body type="static">
      <Geom type="box">
        <extents>0.25 0.25 1</extents>
        <diffuseColor>1 .2 .2</diffuseColor>
      </Geom>
    </Body>
  </KinBody>
  <KinBody name="pole56">
    <translation>-4 4 1</translation>
    <Body type="static">
      <Geom type="box">
        <extents>0.25 0.25 1</extents>
        <diffuseColor>1 .2 .2</diffuseColor>
      </Geom>
    </Body>
  </KinBody>
  <KinBody name="pole57">
    <translation>-6 6 1</translation>
    <Body type="static">
      <Geom type="box">
        <extents>0.25 0.25 1</extents>
        <diffuseColor>1 .2 .2</diffuseColor>
      </Geom>
    </Body>
  </KinBody>
  <KinBody name="pole58">
    <translation>-8 8 1.75</translation>
    <Body type="static">
      <Geom type="box">
        <extents>0.25 0.25 1.75</extents>
        <diffuseColor>1 .2 .2</diffuseColor>
      </Geom>
    </Body>
  </KinBody>
  <KinBody name="pole59">
    <translation>-10 10 1</translation>
    <Body type="static">
      <Geom type="box">
        <extents>0.25 0.25 1</extents>
        <diffuseColor>1 .2 .2</diffuseColor>
      </Geom>
    </Body>
  </KinBody>
  <KinBody name="pole60">
    <translation>-12 12 1</translation>
    <Body type="static">
      <Geom type="box">
        <extents>0.25 0.25 1</extents>
        <diffuseColor>1 .2 .2</diffuseColor>
      </Geom>
    </Body>
  </KinBody>

  <KinBody name="wall1">
    <Translation>-0.173 -0.247 0</Translation>
    <Body type="static">
      <Geom type="box">
        <Translation>-0.735 -0.80 0.675</Translation>
        <extents>0.07 0.71 0.73</extents>
        <diffuseColor>.64 .64 .64</diffuseColor>
      </Geom>
      <Geom type="box">
        <Translation>-1.235 -0.46 0.7</Translation>
        <extents>0.54 0.35 0.06</extents>
        <diffuseColor>.64 .64 .64</diffuseColor>
      </Geom>
      <Geom type="box">
        <Translation>-1.235 -0.76 0.675</Translation>
        <extents>0.54 0.06 0.71</extents>
        <diffuseColor>.64 .64 .64</diffuseColor>
      </Geom>
    </Body>
  </KinBody>
  <KinBody name="wall2">
    <Translation>7.3 -2.47 0</Translation>
    <Body type="static">
      <Geom type="box">
        <Translation>-0.735 -0.80 0.675</Translation>
        <extents>0.07 0.71 0.73</extents>
        <diffuseColor>.64 .64 .64</diffuseColor>
      </Geom>
      <Geom type="box">
        <Translation>-1.235 -0.46 0.7</Translation>
        <extents>0.54 0.35 0.06</extents>
        <diffuseColor>.64 .64 .64</diffuseColor>
      </Geom>
      <Geom type="box">
        <Translation>-1.235 -0.76 0.675</Translation>
        <extents>0.54 0.06 0.71</extents>
        <diffuseColor>.64 .64 .64</diffuseColor>
      </Geom>
    </Body>
  </KinBody>
  <KinBody name="wall3">
    <Translation>-7.3 -2.47 0</Translation>
    <Body type="static">
      <Geom type="box">
        <Translation>-0.735 -0.80 0.675</Translation>
        <extents>0.07 0.71 0.73</extents>
        <diffuseColor>.64 .64 .64</diffuseColor>
      </Geom>
      <Geom type="box">
        <Translation>-1.235 -0.46 0.7</Translation>
        <extents>0.54 0.35 0.06</extents>
        <diffuseColor>.64 .64 .64</diffuseColor>
      </Geom>
      <Geom type="box">
        <Translation>-1.235 -0.76 0.675</Translation>
        <extents>0.54 0.06 0.71</extents>
        <diffuseColor>.64 .64 .64</diffuseColor>
      </Geom>
    </Body>
  </KinBody>
  <KinBody name="wall4">
    <Translation>0 7.3 0</Translation>
    <Body type="static">
      <Geom type="box">
        <Translation>-0.735 -0.80 0.675</Translation>
        <extents>0.07 0.71 0.73</extents>
        <diffuseColor>.64 .64 .64</diffuseColor>
      </Geom>
      <Geom type="box">
        <Translation>-1.235 -0.46 0.7</Translation>
        <extents>0.54 0.35 0.06</extents>
        <diffuseColor>.64 .64 .64</diffuseColor>
      </Geom>
      <Geom type="box">
        <Translation>-1.235 -0.76 0.675</Translation>
        <extents>0.54 0.06 0.71</extents>
        <diffuseColor>.64 .64 .64</diffuseColor>
      </Geom>
    </Body>
  </KinBody>
  <KinBody name="wall5">
    <Translation>0 -7.3 0</Translation>
    <Body type="static">
      <Geom type="box">
        <Translation>-0.735 -0.80 0.675</Translation>
        <extents>0.07 0.71 0.73</extents>
        <diffuseColor>.64 .64 .64</diffuseColor>
      </Geom>
      <Geom type="box">
        <Translation>-1.235 -0.46 0.7</Translation>
        <extents>0.54 0.35 0.06</extents>
        <diffuseColor>.64 .64 .64</diffuseColor>
      </Geom>
      <Geom type="box">
        <Translation>-1.235 -0.76 0.675</Translation>
        <extents>0.54 0.06 0.71</extents>
        <diffuseColor>.64 .64 .64</diffuseColor>
      </Geom>
    </Body>
  </KinBody>
  <KinBody name="wall6">
    <Translation>14.3 -12.47 0</Translation>
    <Body type="static">
      <Geom type="box">
        <Translation>-0.735 -0.80 0.675</Translation>
        <extents>0.07 0.71 0.73</extents>
        <diffuseColor>.64 .64 .64</diffuseColor>
      </Geom>
      <Geom type="box">
        <Translation>-1.235 -0.46 0.7</Translation>
        <extents>0.54 0.35 0.06</extents>
        <diffuseColor>.64 .64 .64</diffuseColor>
      </Geom>
      <Geom type="box">
        <Translation>-1.235 -0.76 0.675</Translation>
        <extents>0.54 0.06 0.71</extents>
        <diffuseColor>.64 .64 .64</diffuseColor>
      </Geom>
    </Body>
  </KinBody>
  <KinBody name="wall7">
    <Translation>14.3 12.47 0</Translation>
    <Body type="static">
      <Geom type="box">
        <Translation>-0.735 -0.80 0.675</Translation>
        <extents>0.07 0.71 0.73</extents>
        <diffuseColor>.64 .64 .64</diffuseColor>
      </Geom>
      <Geom type="box">
        <Translation>-1.235 -0.46 0.7</Translation>
        <extents>0.54 0.35 0.06</extents>
        <diffuseColor>.64 .64 .64</diffuseColor>
      </Geom>
      <Geom type="box">
        <Translation>-1.235 -0.76 0.675</Translation>
        <extents>0.54 0.06 0.71</extents>
        <diffuseColor>.64 .64 .64</diffuseColor>
      </Geom>
    </Body>
  </KinBody>
  <KinBody name="wall8">
    <Translation>-14.3 12.47 0</Translation>
    <Body type="static">
      <Geom type="box">
        <Translation>-0.735 -0.80 0.675</Translation>
        <extents>0.07 0.71 0.73</extents>
        <diffuseColor>.64 .64 .64</diffuseColor>
      </Geom>
      <Geom type="box">
        <Translation>-1.235 -0.46 0.7</Translation>
        <extents>0.54 0.35 0.06</extents>
        <diffuseColor>.64 .64 .64</diffuseColor>
      </Geom>
      <Geom type="box">
        <Translation>-1.235 -0.76 0.675</Translation>
        <extents>0.54 0.06 0.71</extents>
        <diffuseColor>.64 .64 .64</diffuseColor>
      </Geom>
    </Body>
  </KinBody>
  <!--
  <KinBody file="data/segway.kinbody.xml">
    <Translation>-0.0671   -0.0819    0.755</Translation>
  </KinBody>
  <KinBody name="mug1" file="data/mug1.kinbody.xml">
    <Translation> -0.0568 -0.2406 0.7550</Translation>
  </KinBody>
  <KinBody name="mug2" file="data/mug1.kinbody.xml">
    <Translation>-0.02   0.15    0.7550</Translation>
  </KinBody>
  <KinBody name="mug3" file="data/mug1.kinbody.xml">
    <Translation>0.0854  -0.0769    0.7550</Translation>
  </KinBody>
  <KinBody name="mug4" file="data/mug1.kinbody.xml">
    <Translation>-0.23   -0.1446    0.7550</Translation>
  </KinBody>
  <KinBody name="mug5" file="data/mug1.kinbody.xml">
    <Translation>-0.1   -0.0151    0.7550</Translation>
  </KinBody>
  <KinBody name="mug6" file="data/mug1.kinbody.xml">
    <Translation>-0.2   0.11    0.7550</Translation>
  </KinBody>-->

  <!--<KinBody name="dishwasher_table" file="data/table_washer.kinbody.xml">
    <Translation>-0.4966 1.0164 0.7479</Translation>
  </KinBody>
  <KinBody name="table">
    <Translation>-0.4966 1.0164 0.9</Translation>
    <body name="base">
      <geom type="box">
        <translation>0 0.2 0</translation>
        <extents>0.2 0.01 0.01</extents>
      </geom>
      <geom type="box">
        <translation>0 -0.2 0</translation>
        <extents>0.2 0.01 0.01</extents>
      </geom>
    </body>
  </KinBody>-->
</Environment>
