<Environment>
  <camtrans>9.001128 5.504746 11.820156</camtrans>
  <camrotationaxis>-0.511647 -0.781372 0.357317 162.587570</camrotationaxis>
  <camfocal>14.952970</camfocal>

  <Robot file="quadrotor.robot.xml" name="Quadrotor">
    <translation>0.0 0.0 5.0</translation>
  </Robot>
  <KinBody name="floorwalls">
    <Body type="static">
      <Translation>0 0 0</Translation>
      <Geom type="box">
        <extents>4.0 4.0 0.005</extents>
        <translation>0 0 0</translation>
        <diffuseColor>.6 .6 .6</diffuseColor>
      	<ambientColor>0.6 0.6 0.6</ambientColor>
        <transparency>0.0</transparency>
      </Geom>
      <Geom type="box">
        <extents>4.0 0.01 0.2</extents>
        <translation>0 -4.0 0.2</translation>
        <diffuseColor>.6 .6 .6</diffuseColor>
      	<ambientColor>0.6 0.6 0.6</ambientColor>
        <transparency>0.0</transparency>
      </Geom>
      <Geom type="box">
        <extents>4.0 0.01 0.2</extents>
        <translation>0 4.0 0.2</translation>
        <diffuseColor>.6 .6 .6</diffuseColor>
      	<ambientColor>0.6 0.6 0.6</ambientColor>
        <transparency>0.0</transparency>
      </Geom>
      <Geom type="box">
        <extents>0.01 4.0 0.2</extents>
        <translation>4.0 0 0.2</translation>
        <diffuseColor>.6 .6 .6</diffuseColor>
      	<ambientColor>0.6 0.6 0.6</ambientColor>
        <transparency>0.0</transparency>
      </Geom>
      <Geom type="box">
        <extents>0.01 4.0 0.2</extents>
        <translation>-4.0 0 0.2</translation>
        <diffuseColor>.6 .6 .6</diffuseColor>
      	<ambientColor>0.6 0.6 0.6</ambientColor>
        <transparency>0.0</transparency>
      </Geom>
      <Geom type="box">
        <extents>0.01 4.0 0.2</extents>
        <translation>0 0 0.2</translation>
        <diffuseColor>.6 .6 .6</diffuseColor>
      	<ambientColor>0.6 0.6 0.6</ambientColor>
        <transparency>0.0</transparency>
      </Geom>
      <Geom type="box">
        <extents>4.0 0.01 0.2</extents>
        <translation>0 0 0.2</translation>
        <diffuseColor>.6 .6 .6</diffuseColor>
      	<ambientColor>0.6 0.6 0.6</ambientColor>
        <transparency>0.0</transparency>
      </Geom>
    </Body>
  </KinBody>

  <KinBody name="wall1">
    <Translation>0.0 0.0 0.0</Translation>
    <Body type="static">
      <Geom type="box">
        <Translation>0 0.0 2.0</Translation>
        <extents>0.1 4.0 2.0</extents>
        <diffuseColor>.64 .64 .64</diffuseColor>
        <transparency>0.0</transparency>
      </Geom>
      <Geom type="box">
        <Translation>0.0 0.0 2.0</Translation>
        <extents>4.0 4.0 0.1</extents>
        <diffuseColor>.64 .64 .64</diffuseColor>
        <transparency>0.0</transparency>
      </Geom>
      <Geom type="box">
        <Translation>0.0 0 2.0</Translation>
        <extents>4.0 0.1 2.0</extents>
        <diffuseColor>.64 .64 .64</diffuseColor>
        <transparency>0.0</transparency>
      </Geom>
      <Geom type="box">
        <Translation>0.0 4.0 2.0</Translation>
        <extents>4.0 0.1 2.0</extents>
        <diffuseColor>.64 .64 .64</diffuseColor>
        <transparency>0.0</transparency>
      </Geom>
      <Geom type="box">
        <Translation>0.0 -4.0 2.0</Translation>
        <extents>4.0 0.1 2.0</extents>
        <diffuseColor>.64 .64 .64</diffuseColor>
        <transparency>0.0</transparency>
      </Geom>
    </Body>
  </KinBody>

  <!--<KinBody name="pole">-->
    <!--<translation>-1.612 1.816 2.0</translation>-->
    <!--<Body type="static">-->
      <!--<Geom type="box">-->
        <!--<extents>0.1 0.1 2.0</extents>-->
        <!--<diffuseColor>1 .2 .2</diffuseColor>-->
      <!--</Geom>-->
    <!--</Body>-->
  <!--</KinBody>-->

  <!--<KinBody name="pole2">-->
    <!--<translation>2.3 1.6 2.0</translation>-->
    <!--<Body type="static">-->
      <!--<Geom type="box">-->
        <!--<extents>0.1 0.1 2.0</extents>-->
        <!--<diffuseColor>1 .2 .2</diffuseColor>-->
      <!--</Geom>-->
    <!--</Body>-->
  <!--</KinBody>-->

  <!--<KinBody name="pole3">-->
    <!--<translation>1.8 -1.9 2.0</translation>-->
    <!--<Body type="static">-->
      <!--<Geom type="box">-->
        <!--<extents>0.1 0.1 2.0</extents>-->
        <!--<diffuseColor>1 .2 .2</diffuseColor>-->
      <!--</Geom>-->
    <!--</Body>-->
  <!--</KinBody>-->

    <!--<KinBody name="pole4">-->
    <!--<translation>-1.8 -1.9 2.0</translation>-->
    <!--<Body type="static">-->
      <!--<Geom type="box">-->
        <!--<extents>0.1 0.1 2.0</extents>-->
        <!--<diffuseColor>1 .2 .2</diffuseColor>-->
      <!--</Geom>-->
    <!--</Body>-->
  <!--</KinBody>-->

  <!--<KinBody name="dishwasher_table" file="data/table_washer.kinbody.xml">-->
    <!--<Translation>-0.4966 1.0164 0.7479</Translation>-->
  <!--</KinBody>-->
  <!--<KinBody name="table">-->
    <!--<Translation>-0.4966 1.0164 0.9</Translation>-->
    <!--<body name="base">-->
      <!--<geom type="box">-->
        <!--<translation>0 0.2 0</translation>-->
        <!--<extents>0.2 0.01 0.01</extents>-->
      <!--</geom>-->
      <!--<geom type="box">-->
        <!--<translation>0 -0.2 0</translation>-->
        <!--<extents>0.2 0.01 0.01</extents>-->
      <!--</geom>-->
    <!--</body>-->
  <!--</KinBody>-->

</Environment>
