<?xml version="1.0" ?>
<!-- =================================================================================== -->
<!-- |    This document was autogenerated by xacro from quadrotor_hokuyo_utm30lx.gazebo.xacro | -->
<!-- |    EDITING THIS FILE BY HAND IS NOT RECOMMENDED                                 | -->
<!-- =================================================================================== -->
<robot name="quadrotor" xmlns:xacro="http://ros.org/wiki/xacro">
  <link name="base_link">
    <inertial>
      <mass value="1.477"/>
      <origin xyz="0 0 0"/>
      <inertia ixx="0.01152" ixy="0.0" ixz="0.0" iyy="0.01152" iyz="0.0" izz="0.0218"/>
    </inertial>
    <visual>
      <origin rpy="0 0 0" xyz="0 0 0"/>
      <geometry>
        <mesh filename="package://hector_quadrotor_description/meshes/quadrotor/quadrotor_base.dae"/>
      </geometry>
    </visual>
    <collision>
      <origin rpy="0 0 0" xyz="0 0 0"/>
      <geometry>
        <mesh filename="package://hector_quadrotor_description/meshes/quadrotor/quadrotor_base.stl"/>
      </geometry>
    </collision>
  </link>
  <joint name="sonar_joint" type="fixed">
    <origin rpy="0 1.57079632679 0" xyz="-0.16 0.0 -0.012"/>
    <parent link="base_link"/>
    <child link="sonar_link"/>
  </joint>
  <link name="sonar_link">
    <inertial>
      <mass value="0.001"/>
      <origin rpy="0 0 0" xyz="0 0 0"/>
      <inertia ixx="0.000000017" ixy="0" ixz="0" iyy="0.000000017" iyz="0" izz="0.000000017"/>
    </inertial>
    <visual>
      <origin rpy="0 0 0" xyz="0 0 0"/>
      <geometry>
        <!--<box size="0.01 0.01 0.01" /> -->
        <mesh filename="package://hector_sensors_description/meshes/sonar_sensor/max_sonar_ez4.dae"/>
      </geometry>
    </visual>
    <collision>
      <origin rpy="0 0 0" xyz="0 0 0"/>
      <geometry>
        <box size="0.01 0.01 0.01"/>
      </geometry>
    </collision>
  </link>
  <gazebo reference="sonar_link">
    <sensor name="sonar" type="ray">
      <always_on>true</always_on>
      <update_rate>10</update_rate>
      <pose>0 0 0 0 0 0</pose>
      <visualize>false</visualize>
      <ray>
        <scan>
          <horizontal>
            <samples>3</samples>
            <resolution>1</resolution>
            <min_angle>-0.349065850399</min_angle>
            <max_angle> 0.349065850399</max_angle>
          </horizontal>
          <vertical>
            <samples>3</samples>
            <resolution>1</resolution>
            <min_angle>-0.349065850399</min_angle>
            <max_angle> 0.349065850399</max_angle>
          </vertical>
        </scan>
        <range>
          <min>0.03</min>
          <max>3.0</max>
          <resolution>0.01</resolution>
        </range>
      </ray>
      <plugin filename="libhector_gazebo_ros_sonar.so" name="gazebo_ros_sonar_controller">
        <gaussianNoise>0.005</gaussianNoise>
        <topicName>sonar_height</topicName>
        <frameId>sonar_link</frameId>
      </plugin>
    </sensor>
  </gazebo>
  <joint name="laser0_joint" type="fixed">
    <origin rpy="3.14159265359 0 0" xyz="0.0 0.0 -0.097"/>
    <parent link="base_link"/>
    <child link="laser0_frame"/>
  </joint>
  <link name="laser0_frame">
    <inertial>
      <mass value="0.270"/>
      <origin rpy="0 0 0" xyz="0 0 0"/>
      <inertia ixx="2.632e-4" ixy="0" ixz="0" iyy="2.632e-4" iyz="0" izz="1.62e-4"/>
    </inertial>
    <visual>
      <origin rpy="0 0 0" xyz="0 0 0"/>
      <geometry>
        <mesh filename="package://hector_sensors_description/meshes/hokuyo_utm30lx/hokuyo_utm_30lx.dae"/>
      </geometry>
    </visual>
    <collision>
      <origin rpy="0 0 0" xyz="0 0 -0.0115"/>
      <geometry>
        <box size="0.058 0.058 0.087"/>
        <!--<mesh filename="package://hector_sensors_description/meshes/hokuyo_utm30lx/hokuyo_utm_30lx.stl"/>-->
      </geometry>
    </collision>
  </link>
  <gazebo reference="laser0_frame">
    <sensor name="laser0" type="ray">
      <always_on>true</always_on>
      <update_rate>40</update_rate>
      <pose>0 0 0 0 0 0</pose>
      <visualize>false</visualize>
      <ray>
        <scan>
          <horizontal>
            <samples>1081</samples>
            <resolution>1</resolution>
            <min_angle>-2.35619449019</min_angle>
            <max_angle>2.35619449019</max_angle>
          </horizontal>
        </scan>
        <range>
          <min>0.08</min>
          <max>30.0</max>
          <resolution>0.01</resolution>
        </range>
      </ray>
      <plugin filename="libgazebo_ros_laser.so" name="gazebo_ros_laser0_controller">
        <gaussianNoise>0.005</gaussianNoise>
        <alwaysOn>true</alwaysOn>
        <updateRate>40</updateRate>
        <topicName>scan</topicName>
        <frameName>laser0_frame</frameName>
      </plugin>
    </sensor>
  </gazebo>
  <joint name="front_cam_joint" type="fixed">
    <origin rpy="0 0 0" xyz="0.05 0.0 -0.06"/>
    <parent link="base_link"/>
    <child link="front_cam_link"/>
  </joint>
  <link name="front_cam_link">
    <inertial>
      <mass value="0.001"/>
      <origin rpy="0 0 0" xyz="0 0 0"/>
      <inertia ixx="0.0001" ixy="0" ixz="0" iyy="0.0001" iyz="0" izz="0.0001"/>
    </inertial>
    <visual>
      <origin rpy="0 0 0" xyz="0 0 0"/>
      <geometry>
        <box size="0.01 0.01 0.01"/>
      </geometry>
      <material name="Blue">
        <color rgba="0.0 0.0 0.8 1"/>
      </material>
    </visual>
    <collision>
      <origin rpy="0 0 0" xyz="0 0 0"/>
      <geometry>
        <box size="0.01 0.01 0.01"/>
      </geometry>
    </collision>
  </link>
  <joint name="front_cam_optical_joint" type="fixed">
    <origin rpy="-1.57079632679 0.0 -1.57079632679" xyz="0 0 0"/>
    <parent link="front_cam_link"/>
    <child link="front_cam_optical_frame"/>
  </joint>
  <link name="front_cam_optical_frame"/>
  <gazebo reference="front_cam_link">
    <sensor name="front_cam_camera_sensor" type="camera">
      <update_rate>10</update_rate>
      <camera>
        <horizontal_fov>1.57079632679</horizontal_fov>
        <image>
          <format>R8G8B8</format>
          <width>320</width>
          <height>240</height>
        </image>
        <clip>
          <near>0.01</near>
          <far>100</far>
        </clip>
      </camera>
      <plugin filename="libgazebo_ros_camera.so" name="front_cam_camera_controller">
        <cameraName>front_cam</cameraName>
        <alwaysOn>true</alwaysOn>
        <updateRate>10</updateRate>
        <imageTopicName>camera/image</imageTopicName>
        <cameraInfoTopicName>camera/camera_info</cameraInfoTopicName>
        <frameName>front_cam_optical_frame</frameName>
      </plugin>
    </sensor>
  </gazebo>
  <arg default="world" name="world_frame"/>
  <arg default="base_link" name="base_link_frame"/>
  <gazebo>
    <plugin filename="libhector_gazebo_ros_imu.so" name="quadrotor_imu_sim">
      <updateRate>100.0</updateRate>
      <bodyName>base_link</bodyName>
      <frameId>base_link</frameId>
      <topicName>raw_imu</topicName>
      <rpyOffsets>0 0 0</rpyOffsets>
      <!-- deprecated -->
      <gaussianNoise>0</gaussianNoise>
      <!-- deprecated -->
      <accelDrift>0.5 0.5 0.5</accelDrift>
      <accelGaussianNoise>0.35 0.35 0.3</accelGaussianNoise>
      <rateDrift>0.1 0.1 0.1</rateDrift>
      <rateGaussianNoise>0.05 0.05 0.015</rateGaussianNoise>
    </plugin>
    <plugin filename="libhector_gazebo_ros_baro.so" name="quadrotor_baro_sim">
      <updateRate>10.0</updateRate>
      <bodyName>base_link</bodyName>
      <frameId>base_link</frameId>
      <topicName>pressure_height</topicName>
      <altimeterTopicName>altimeter</altimeterTopicName>
      <offset>0</offset>
      <drift>10.0</drift>
      <gaussianNoise>0.1</gaussianNoise>
    </plugin>
    <plugin filename="libhector_gazebo_ros_magnetic.so" name="quadrotor_magnetic_sim">
      <updateRate>10.0</updateRate>
      <bodyName>base_link</bodyName>
      <frameId>base_link</frameId>
      <topicName>magnetic</topicName>
      <offset>0 0 0</offset>
      <drift>0.0 0.0 0.0</drift>
      <gaussianNoise>1.3e-2 1.3e-2 1.3e-2</gaussianNoise>
    </plugin>
    <plugin filename="libhector_gazebo_ros_gps.so" name="quadrotor_gps_sim">
      <updateRate>4.0</updateRate>
      <bodyName>base_link</bodyName>
      <frameId>base_link</frameId>
      <topicName>fix</topicName>
      <velocityTopicName>fix_velocity</velocityTopicName>
      <referenceLatitude>49.860246</referenceLatitude>
      <referenceLongitude>8.687077</referenceLongitude>
      <drift>5.0 5.0 5.0</drift>
      <gaussianNoise>0.01 0.01 0.01</gaussianNoise>
      <velocityDrift>0 0 0</velocityDrift>
      <velocityGaussianNoise>0.05 0.05 0.05</velocityGaussianNoise>
    </plugin>
    <plugin filename="libgazebo_ros_p3d.so" name="quadrotor_groundtruth_sim">
      <updateRate>100.0</updateRate>
      <bodyName>base_link</bodyName>
      <topicName>ground_truth/state</topicName>
      <gaussianNoise>0.0</gaussianNoise>
      <frameName>world</frameName>
    </plugin>
  </gazebo>
  <xacro:quadrotor_sensors/>
  <gazebo>
    <plugin filename="libgazebo_ros_control.so" name="quadrotor_controller">
      <controlPeriod>0.01</controlPeriod>
      <robotSimType>hector_quadrotor_controller_gazebo/QuadrotorHardwareSim</robotSimType>
    </plugin>
  </gazebo>
  <gazebo>
    <plugin filename="libhector_gazebo_quadrotor_propulsion.so" name="quadrotor_propulsion">
      <alwaysOn>true</alwaysOn>
      <updateRate>0.0</updateRate>
      <bodyName>base_link</bodyName>
      <frameId>base_link</frameId>
      <controlRate>100.0</controlRate>
      <!-- <controlTolerance>0.01</controlTolerance> -->
      <controlDelay>0.01</controlDelay>
      <motorStatusRate>100.0</motorStatusRate>
    </plugin>
  </gazebo>
  <gazebo>
    <plugin filename="libhector_gazebo_quadrotor_aerodynamics.so" name="quadrotor_aerodynamics">
      <alwaysOn>true</alwaysOn>
      <updateRate>0.0</updateRate>
      <bodyName>base_link</bodyName>
      <frameId>base_link</frameId>
    </plugin>
  </gazebo>
</robot>

